Variable:,pr
,Colombia,Amazonas,Antioquia,Arauca,Atlantico,Bolivar,Boyaca,Buenaventura,Caldas,Caqueta,Casanare,Cauca,Cesar,Choco,Cordoba,Cundinamarca,Guainia,Guajira,Guaviare,Huila,Magdalena,Meta,Narino,"Norte De Santander",Putumayo,Quindio,Risaralda,"San Andres Y Providencia",Santander,Sucre,Tolima,"Valle Del Cauca",Vaupes,Vichada
1901,2654.44,2973.14,2780.33,1740.79,955.93,2130.71,1667.96,2926.98,2329.87,2792.42,2574.33,2926.98,1794.54,7279.40,1934.52,1789.27,3070.67,1038.18,2727.75,1647.34,1391.24,2676.74,3416.02,1687.56,3895.61,1944.15,2980.21,1881.55,2272.17,1652.51,1768.60,3001.72,3137.81,2503.15
1902,2423.88,2973.14,2400.65,1649.82,955.93,2016.49,1157.64,2634.50,1867.30,2691.54,1973.69,2634.50,1777.12,6826.12,1910.27,1277.83,3070.54,1038.18,2570.92,1494.20,1391.24,1974.34,2674.42,1642.43,3098.49,1669.19,2527.09,1859.29,1815.84,1647.33,1530.06,2759.13,3137.81,2478.49
1903,2564.18,2973.14,2690.91,1731.36,955.93,2100.89,1561.29,2626.04,2173.88,2733.36,2510.65,2626.04,1788.58,7168.28,1929.94,1665.83,3070.66,1038.18,2707.74,1545.92,1391.24,2587.01,2564.58,1676.06,3028.24,1835.70,2852.55,1878.34,2131.98,1651.20,1647.47,2914.71,3137.81,2501.81
1904,2526.97,2973.14,2571.24,1697.00,955.93,2062.23,1442.73,2662.06,2137.09,2733.20,2296.53,2662.06,1783.99,6954.63,1919.30,1594.00,3070.61,1038.18,2666.58,1565.87,1391.24,2388.73,2757.23,1665.89,3141.96,1851.16,2748.44,1870.03,2070.31,1649.08,1709.58,2871.40,3137.81,2491.61
1905,2553.77,2973.14,2701.53,1707.48,955.93,2093.41,1520.95,2643.43,2336.38,2724.74,2337.92,2643.43,1789.18,7198.12,1927.67,1697.80,3070.62,1038.18,2667.76,1638.41,1391.24,2436.69,2499.93,1677.21,2982.08,2029.49,3007.47,1875.79,2181.02,1650.39,1878.30,3025.40,3137.81,2494.41
1906,2550.28,2973.14,2621.04,1723.88,955.93,2079.29,1536.79,2611.05,2128.76,2741.43,2461.21,2611.05,1785.76,7005.62,1924.35,1669.08,3070.64,1038.18,2704.15,1555.97,1391.24,2559.65,2555.19,1672.09,3116.67,1828.35,2757.33,1866.17,2099.48,1650.13,1671.07,2871.47,3137.81,2498.94
1907,2703.99,2973.14,2892.34,1759.76,955.93,2134.25,1860.67,2758.37,2701.76,2807.31,2724.35,2758.37,1794.51,7425.84,1937.08,2103.66,3070.73,1038.18,2812.49,1774.80,1391.24,2988.06,2844.08,1700.73,3262.22,2307.15,3369.35,1854.18,2472.75,1651.88,2121.35,3189.47,3137.81,2511.47
1908,2658.93,2973.14,2824.95,1728.12,955.93,2126.47,1672.82,2905.22,2560.34,2780.22,2487.60,2905.22,1794.74,7386.14,1934.23,1881.90,3070.67,1038.18,2720.65,1748.66,1391.24,2647.19,3226.07,1691.35,3550.18,2202.39,3257.14,1871.69,2351.44,1651.69,2028.25,3155.76,3137.81,2500.95
1909,2666.81,2973.14,2808.20,1767.50,955.93,2127.05,1770.27,2768.89,2365.47,2786.81,2751.45,2768.89,1792.31,7305.84,1936.79,1911.20,3070.72,1038.18,2791.81,1628.22,1391.24,2899.28,3042.74,1691.61,3404.11,1977.46,3044.91,1880.60,2292.66,1652.42,1779.05,3015.71,3137.81,2511.49
1910,2790.27,2973.14,3124.44,1780.88,955.93,2181.53,2073.08,2769.63,3187.49,2829.76,2853.24,2769.63,1802.24,7740.93,1948.03,2407.01,3070.77,1038.18,2844.45,1947.38,1391.24,3166.49,2681.55,1723.62,3171.58,2755.13,3927.43,1864.69,2763.24,1653.16,2549.32,3492.09,3137.81,2518.52
1911,2512.72,2973.14,2460.47,1686.11,1099.11,2175.92,1306.85,2618.23,1950.97,2714.18,2175.83,2618.23,2367.90,6846.28,1915.86,1445.17,3070.59,1583.73,2635.80,1520.41,1785.66,2237.51,2579.34,1992.23,3055.82,1727.01,2597.12,1862.55,1915.50,1697.50,1584.41,2784.58,3137.81,2486.78
1912,2639.36,2973.14,2790.32,1740.00,1051.37,2214.50,1659.23,2707.41,2375.79,2754.43,2556.25,2707.41,2127.86,7342.50,1935.70,1795.52,3070.68,1375.26,2733.93,1632.72,1635.35,2684.08,2702.85,1835.06,3175.37,1999.17,3072.50,1862.73,2268.81,1685.51,1805.80,3034.42,3137.81,2503.11
1913,2687.62,2973.14,2852.92,1746.36,1020.42,2184.55,1752.03,2928.23,2574.76,2780.67,2598.00,2928.23,1958.10,7311.40,1935.01,1951.22,3070.68,1202.05,2741.18,1712.75,1528.44,2761.32,3301.97,1714.40,3488.39,2156.48,3164.50,1871.16,2430.08,1671.52,2011.02,3111.44,3137.81,2504.90
1914,2432.01,2973.14,2439.64,1665.06,1005.41,2083.79,1212.99,2551.36,1874.91,2673.66,2035.10,2551.36,1935.72,6827.64,1914.57,1318.44,3070.54,1153.43,2574.86,1489.19,1512.05,2044.20,2408.14,1696.35,2877.95,1660.94,2509.35,1852.04,1863.03,1666.45,1537.68,2756.85,3137.81,2480.07
1915,2732.27,2973.14,2911.64,1778.81,1022.89,2209.01,1864.34,2902.25,2548.10,2807.80,2818.20,2902.25,1952.09,7425.84,1942.15,2019.06,3070.73,1070.33,2804.22,1696.09,1539.78,2988.11,3383.04,1710.31,3654.49,2112.81,3226.34,1879.47,2434.54,1678.97,1907.86,3111.17,3137.81,2514.33
1916,2640.34,2973.14,2717.27,1799.83,981.99,2156.37,1645.34,2831.93,2280.88,2781.44,2578.47,2831.93,1883.12,7183.42,1930.39,1783.37,3070.68,1074.53,2740.79,1632.88,1430.31,2706.22,3172.56,1806.41,3537.78,1948.10,2946.59,1886.42,2264.55,1663.08,1763.53,2972.31,3137.81,2507.88
1917,2840.56,2973.14,3054.20,1992.75,990.61,2226.05,2021.71,3106.24,2946.63,2864.90,2907.83,3106.24,1959.08,7637.34,1947.62,2276.40,3070.77,1067.52,2846.03,1895.80,1476.74,3163.55,3748.71,1932.89,4050.04,2507.27,3677.01,1880.01,2641.33,1671.00,2288.79,3348.12,3137.81,2527.72
1918,2560.92,2973.14,2629.81,1715.25,971.39,2086.86,1493.56,2768.36,2274.23,2747.03,2306.57,2768.36,1772.58,7012.52,1921.86,1671.08,3070.60,1008.66,2656.30,1652.82,1384.18,2389.69,2972.13,1656.19,3387.62,1991.36,2890.16,1856.56,2175.83,1652.52,1863.58,2956.76,3137.81,2492.07
1919,2574.52,2973.14,2747.08,1736.70,865.16,2008.49,1633.15,2740.76,2285.31,2755.25,2564.56,2740.76,1302.05,7274.03,1931.96,1759.62,3070.68,561.56,2736.83,1595.44,1089.44,2680.84,2856.56,1341.96,3228.32,1922.64,2968.42,1866.53,2192.48,1620.31,1732.64,2985.69,3137.81,2503.87
1920,2645.02,2973.14,2890.05,1775.84,941.22,2116.06,1861.17,2562.02,2526.39,2769.12,2808.26,2562.02,1621.74,7375.65,1939.68,2023.16,3070.73,830.89,2802.35,1639.76,1306.45,2968.30,2287.52,1534.89,2911.92,2098.92,3169.71,1861.31,2414.12,1646.51,1914.26,3093.27,3137.81,2513.64
1921,2885.68,2973.14,3245.29,1821.30,926.28,2172.14,2237.87,2893.12,3390.00,2878.32,3027.47,2893.12,1741.75,7915.06,1954.68,2636.50,3070.84,982.47,2925.95,2025.87,1316.75,3486.77,3026.35,1785.92,3461.78,2893.80,4126.86,1859.52,2849.19,1646.16,2672.54,3593.13,3137.81,2617.45
1922,2608.21,2971.02,2706.75,1876.80,947.48,2159.54,1661.53,2582.04,2347.19,2755.27,2580.25,2582.04,1953.74,7152.77,1928.10,1828.45,3052.06,1104.88,2737.21,1642.96,1422.70,2689.09,2415.88,2025.09,2935.33,2043.15,3003.56,1859.52,2339.24,1657.24,1876.58,3001.27,3126.81,2497.14
1923,2369.10,2927.81,2421.57,1485.51,903.87,1944.38,1247.68,2453.00,1701.53,2682.42,2163.27,2453.00,1439.68,6805.69,1914.59,1289.82,2994.23,826.50,2614.27,1370.73,1202.21,2197.17,2205.22,1270.00,2850.11,1450.76,2328.08,1852.88,1765.14,1626.57,1297.04,2646.46,2993.82,2459.62
1924,2570.73,2923.01,2655.28,1729.87,1017.60,2121.51,1524.44,2828.01,2161.16,2757.33,2421.04,2828.01,1886.91,7099.27,1927.18,1649.55,2990.80,1304.05,2672.99,1602.83,1495.66,2484.06,3150.89,1678.49,3620.38,1851.01,2790.39,1880.48,2106.93,1662.88,1703.17,2915.33,3000.42,2441.99
1925,2624.04,2998.74,2728.72,1653.65,832.58,1998.35,1684.05,2768.02,2437.98,2815.75,2559.31,2768.02,1392.88,7160.12,1924.08,1886.30,3148.55,689.81,2850.26,1690.64,1060.22,2808.27,2946.61,1443.19,3439.27,2078.77,3056.95,1861.60,2271.15,1615.98,1919.55,3020.01,3241.53,2461.83
1926,2495.92,2929.55,2661.73,1591.81,936.52,2037.65,1534.45,2497.22,2173.97,2723.03,2442.73,2497.22,1564.25,7117.11,1925.75,1675.28,3003.92,963.04,2705.58,1547.25,1272.33,2568.77,2160.61,1401.47,2898.72,1850.05,2825.31,1842.01,2065.08,1642.16,1684.11,2914.36,3036.89,2392.96
1927,2733.13,2993.96,2820.67,1863.24,911.70,2123.21,1778.52,2916.32,2499.07,2827.39,2714.77,2916.32,1788.93,7285.86,1933.38,1952.12,3180.87,1097.03,2873.33,1707.50,1333.31,2899.55,3328.19,1894.15,3653.34,2106.57,3137.32,1857.33,2406.11,1646.12,1935.91,3076.68,3252.67,2645.67
1928,2720.40,3222.90,2716.42,1714.69,967.97,2100.35,1629.32,2864.18,2362.39,2792.50,2509.49,2864.18,1779.32,7225.54,1927.52,1800.44,3556.58,1038.62,2816.93,1685.88,1385.08,2672.71,3217.03,1699.38,3502.83,2042.11,3041.67,1840.76,2228.39,1651.71,1874.24,3029.13,3929.03,2418.23
1929,2479.71,2975.27,2465.33,1597.24,877.49,1938.46,1406.26,2709.45,1851.64,2728.71,2351.67,2709.45,1390.71,6728.97,1911.47,1488.42,3121.81,837.96,2657.52,1449.07,1140.12,2403.16,2970.30,1269.98,3364.91,1560.00,2389.72,1819.87,1905.45,1618.70,1432.18,2680.35,3180.20,2504.05
1930,2438.97,2872.97,2643.43,1637.16,835.63,1965.15,1604.39,2214.59,2072.93,2615.28,2563.78,2214.59,1317.48,5360.61,1926.83,1684.90,2801.29,673.63,2731.10,1385.78,1048.07,2632.33,2667.05,1297.43,3187.60,1721.22,2626.19,1814.11,2129.50,1613.77,1569.43,2333.45,2753.31,2539.73
1931,2624.61,2848.06,2754.16,1980.27,1147.99,2297.55,1800.30,2416.63,2305.64,2727.11,2808.56,2416.63,2461.15,6342.54,1932.42,1897.30,2773.28,1516.54,2793.05,1548.09,1892.49,2893.76,2668.14,2170.39,3206.30,1905.48,2862.04,1834.95,2395.82,1704.07,1763.40,2700.30,2720.16,2575.02
1932,2571.78,3026.12,2777.30,1780.21,970.21,2152.84,1694.71,2546.04,2269.13,2625.76,2571.14,2546.04,1857.91,6379.91,1936.77,1742.52,3003.68,1112.98,2674.40,1486.78,1422.98,2550.29,3017.21,1801.89,3450.99,1878.49,2862.18,1845.22,2392.90,1658.00,1723.31,2685.98,3049.75,2368.78
1933,2664.97,2845.89,2888.07,1929.50,927.00,2156.39,1788.69,3057.67,2582.49,2784.52,2683.58,3057.67,1782.16,8165.81,1941.60,1952.98,2877.21,1076.47,2707.24,1799.36,1324.83,2792.88,2970.58,1746.55,3361.25,2230.64,3311.29,1882.38,2454.34,1651.08,2047.14,3398.84,2880.57,2501.93
1934,2616.57,2951.21,2686.22,1618.99,953.40,2070.15,1541.17,3091.45,2324.26,2789.01,2391.13,3091.45,1695.75,7417.24,1926.31,1744.39,3088.35,986.89,2680.66,1752.27,1344.94,2541.36,3359.07,1579.65,3740.02,2035.70,3021.24,1875.14,2118.45,1648.08,1877.42,3131.99,3102.11,2500.73
1935,2748.00,2837.59,3054.55,1954.40,889.16,2196.89,2077.74,2857.61,2776.51,2800.67,2985.25,2857.61,1759.85,7498.16,1952.01,2213.02,3034.03,1041.74,2806.28,1844.63,1260.66,3103.45,3028.78,1814.20,3447.09,2338.19,3430.44,1877.51,2742.12,1647.07,2164.61,3240.14,3019.43,2510.24
1936,2451.59,2814.18,2700.36,1763.64,956.07,2108.23,1614.46,2178.08,2135.72,2614.91,2540.94,2178.08,1844.55,5936.31,1932.98,1675.10,2733.43,1073.14,2604.71,1366.58,1429.18,2559.27,2426.54,1719.27,3056.41,1759.74,2697.15,1861.48,2204.65,1654.03,1598.57,2488.85,2717.24,2430.67
1937,2634.59,2898.60,2756.56,1814.09,930.33,2119.99,1627.31,3147.85,2452.95,2768.40,2514.74,3147.85,1786.56,8124.23,1930.75,1791.45,2965.54,1184.95,2674.85,1801.93,1326.85,2575.95,2996.99,1830.28,3339.69,2168.77,3224.89,1888.26,2292.47,1646.51,1993.61,3399.60,3048.65,2460.41
1938,2909.69,2983.79,3052.63,1924.21,966.87,2229.50,1986.21,3773.63,3094.74,3052.51,2781.40,3773.63,1983.73,9811.09,1943.80,2320.77,3015.37,1232.89,2785.93,2314.25,1442.82,3110.17,3547.91,2033.99,3765.01,2769.24,3964.55,1864.10,2680.93,1662.37,2570.96,4207.95,3030.63,2579.18
1939,2419.36,3069.03,2485.91,1577.14,878.91,1983.36,1349.63,2289.68,1836.29,2592.44,2271.53,2289.68,1471.61,5669.61,1917.61,1396.85,3141.00,993.74,2652.75,1297.21,1155.80,2261.14,2600.06,1388.00,3138.91,1552.86,2402.31,1870.21,1925.46,1623.68,1406.09,2332.81,3240.35,2394.21
1940,2414.58,3148.00,2523.99,1509.83,816.10,1958.16,1324.22,2433.43,2002.96,2597.57,2135.27,2433.43,1326.25,6189.57,1917.59,1442.04,3042.34,661.42,2659.05,1416.74,1008.02,2172.17,2517.97,1372.24,2993.69,1739.80,2620.58,1843.44,1978.68,1611.57,1606.01,2607.67,3109.07,2406.08
1941,2106.52,2944.96,1590.06,1594.81,860.76,1705.60,983.46,1889.15,1310.11,2425.48,1931.83,1889.15,1426.20,4439.54,1326.94,957.03,2900.71,651.81,2514.82,1042.20,1136.32,1745.82,2401.92,1356.19,2836.99,1186.80,1767.01,1892.73,1559.72,1382.41,1078.49,1782.74,2944.32,2441.24
1942,2286.44,2750.84,2011.85,1791.03,1039.01,1949.96,1356.44,1714.13,1700.82,2488.34,2321.91,1714.13,1977.08,4591.80,1481.17,1355.27,2879.21,1448.12,2649.68,1097.78,1568.87,2226.49,2153.89,1783.65,2850.79,1391.18,2054.48,1832.11,1964.91,1481.63,1286.10,1869.23,2881.83,2682.09
1943,2611.44,2935.91,2569.88,1728.49,920.00,2000.73,1585.71,3200.36,2326.83,2810.74,2540.43,3200.36,1764.59,7479.82,1753.94,1766.32,2903.39,1065.21,2687.33,1846.72,1335.74,2706.37,3328.90,1717.06,3564.12,2096.08,3099.66,1898.32,2155.01,1557.36,1945.19,3230.54,2902.36,2473.14
1944,2423.69,3117.14,1677.22,1715.44,1013.96,1737.45,1364.57,2397.16,1719.08,2706.89,2474.32,2397.16,1794.04,5255.81,1117.27,1458.48,3262.25,1253.48,2780.41,1475.49,1464.78,2584.51,2597.65,1540.30,3156.03,1564.65,2177.17,1924.54,1792.13,1311.34,1527.89,2331.06,3376.81,2657.72
1945,2489.06,2958.19,2348.20,1855.98,919.39,1984.72,1447.95,2731.24,2088.63,2710.60,2380.71,2731.24,1770.87,6753.76,1686.14,1572.83,3011.56,977.20,2650.81,1620.28,1332.24,2413.83,2680.13,1653.05,3137.71,1864.05,2717.81,1896.86,2051.97,1546.88,1756.73,2871.39,3091.15,2479.91
1946,2305.65,2959.32,2092.28,1586.37,895.80,1855.36,1229.09,2094.69,1797.81,2501.70,2103.69,2094.69,1525.22,5341.23,1544.31,1289.01,3091.37,885.98,2585.45,1257.25,1212.20,2029.05,2238.22,1428.49,2804.63,1588.71,2343.64,1934.50,1861.05,1455.25,1441.67,2249.68,3182.06,2584.25
1947,2563.81,2914.04,2635.43,1715.90,854.18,2011.72,1554.29,2683.01,2124.48,2724.70,2525.09,2683.01,1494.98,6982.38,1943.01,1665.09,3201.10,728.77,2764.55,1511.81,1144.79,2593.10,2847.99,1420.23,3336.90,1798.00,2756.48,1820.89,2071.86,1643.93,1619.64,2843.84,3267.26,2617.15
1948,2310.93,2918.26,2266.50,1773.99,905.07,1946.02,1328.16,1885.74,1787.92,2481.81,2239.29,1885.74,1627.62,5194.04,1760.19,1346.65,3027.95,865.27,2584.68,1116.49,1248.28,2115.59,2135.86,1540.31,2774.96,1476.81,2221.08,1843.15,1925.32,1566.72,1323.48,2098.09,3082.89,2537.24
1949,2591.14,3085.47,2426.95,1728.88,892.83,2002.28,1496.71,2884.46,2059.43,2820.65,2469.23,2884.46,1677.83,7291.35,1813.46,1624.63,3148.92,1004.31,2770.53,1604.62,1267.78,2583.66,3175.22,1571.63,3527.90,1798.76,2720.43,1931.73,2025.89,1611.19,1641.77,2951.36,3223.44,2571.02
1950,2897.72,2892.60,3211.97,1857.38,1008.23,2183.58,1778.78,3633.72,2879.90,2977.97,2654.84,3633.72,2049.19,9138.41,2133.94,2118.91,3291.64,1365.67,2814.56,2103.19,1512.41,3059.07,3483.13,1988.52,3827.26,2510.03,3793.12,1872.51,2397.98,1672.68,2294.96,3873.52,3446.45,2447.53
1951,2536.76,3101.83,2432.57,1568.44,822.38,1695.41,1400.21,2584.49,2214.10,2631.93,2194.55,2584.49,1487.33,6509.44,1683.73,1670.45,3450.06,899.89,2770.81,1556.24,1183.74,2412.28,2883.81,1474.22,3127.62,1914.30,2829.27,1873.68,1903.21,1345.54,1773.78,2749.99,3734.37,2529.90
1952,2530.36,2864.79,2718.26,1730.26,1021.65,2076.76,1560.09,2553.98,2266.90,2610.08,2409.50,2553.98,1853.24,6814.56,1959.91,1687.34,3066.81,1111.79,2656.24,1526.53,1469.49,2419.58,2646.91,1649.12,3002.81,1921.91,2906.86,1838.39,2172.78,1667.52,1756.53,2824.77,3135.88,2469.31
1953,2510.77,3082.04,2322.07,1454.83,497.41,1524.75,1496.21,3068.97,2317.67,2805.22,2286.90,3068.97,1296.55,6967.80,1286.36,1813.34,2889.64,765.21,2689.84,1805.15,833.80,2719.55,3360.79,1312.15,3557.39,2093.24,2942.31,1843.71,1920.25,1038.64,1967.71,3112.18,2946.58,2540.51
1954,2634.93,2918.84,2598.89,1958.08,887.95,2259.23,1689.09,2860.28,2272.81,2808.55,2637.33,2860.28,1816.64,6956.54,1764.70,1813.35,3115.94,866.91,2723.32,1738.88,1266.26,2676.92,2940.93,1940.85,3446.47,1999.19,2913.56,1859.26,2425.60,1645.42,1874.60,2962.83,3213.32,2635.08
1955,2908.70,3029.77,3159.59,1918.22,1106.84,2387.92,1922.19,3514.38,2759.35,3125.97,2826.33,3514.38,1990.69,8904.81,2071.41,2113.49,3103.42,1208.69,2842.43,2075.11,1546.28,3074.86,3510.71,1987.19,4127.27,2428.93,3594.34,1807.88,2637.98,1845.02,2217.20,3774.45,3208.60,2540.45
1956,2760.26,3184.58,2900.93,1764.01,809.78,2082.91,1685.26,3109.53,2586.48,2860.03,2508.93,3109.53,1793.78,7844.14,1860.30,1911.90,3311.78,1024.32,2796.19,1847.31,1277.22,2667.69,3113.84,1905.23,3562.12,2222.48,3324.57,1891.59,2360.83,1519.55,2058.19,3364.98,3471.96,2647.16
1957,2359.07,2878.61,2240.92,1627.28,410.17,1599.81,1479.72,2326.23,2117.06,2581.89,2395.82,2326.23,1239.13,5914.87,1306.15,1643.67,2986.87,617.00,2681.46,1451.59,722.58,2457.70,2607.98,1388.70,2896.38,1838.77,2615.96,1900.19,1889.85,1081.63,1737.10,2600.28,3041.36,2440.11
1958,2130.84,2965.75,1952.43,1395.07,834.43,1568.05,1104.26,2100.12,1661.44,2353.98,1944.33,2100.12,1326.75,5198.64,1614.51,1246.45,2692.88,755.88,2466.38,1219.60,1160.09,1988.98,2211.91,1022.00,2598.17,1447.69,2108.24,1778.22,1419.18,1379.72,1352.17,2191.65,2798.18,2225.90
1959,2541.10,2977.67,2626.34,1678.60,663.85,1762.38,1549.84,2580.78,2240.46,2719.32,2504.43,2580.78,1405.23,7036.69,1700.96,1757.89,3191.74,751.24,2822.78,1498.94,991.26,2717.81,2735.46,1393.88,3136.58,1893.48,2883.41,1792.25,1876.06,1328.74,1695.52,2927.29,3412.81,2405.03
1960,2566.50,2910.04,2645.68,1414.07,1089.19,1888.02,1508.03,2657.34,2287.99,2727.04,2287.91,2657.34,1575.15,7048.84,1958.00,1751.02,3273.32,1013.78,2807.80,1628.02,1390.01,2618.88,2550.76,1234.56,3107.36,2041.65,3044.39,1829.40,1843.53,1691.04,1839.02,2960.21,3548.63,2481.96
1961,2464.39,3131.48,2333.26,1378.06,974.47,1663.12,1287.43,2404.66,2003.68,2660.76,2034.57,2404.66,1469.51,6852.60,1731.89,1541.19,3352.26,988.03,2732.62,1499.59,1278.02,2403.44,2490.33,1096.58,2909.47,1789.07,2682.81,1140.71,1562.97,1431.75,1633.82,2751.79,3567.66,2531.26
1962,2623.43,3190.54,2669.61,1537.46,943.64,1945.45,1508.94,2736.48,2268.71,2855.80,2317.69,2736.48,1600.42,6672.48,1960.60,1671.57,3376.59,974.21,2804.38,1635.30,1324.39,2570.47,2649.07,1310.66,3229.69,1886.23,2765.52,2322.98,2007.38,1588.67,1783.09,2866.87,3493.59,2722.70
1963,2616.80,2934.90,2649.85,1684.82,846.94,2000.35,1543.61,2603.61,2340.05,2885.15,2388.96,2603.61,1681.91,6740.29,1929.57,1764.39,3277.73,1020.98,2891.81,1703.18,1308.61,2645.73,2469.50,1586.17,3198.66,2040.54,2865.99,2153.67,2076.27,1543.42,1957.29,2881.95,3444.81,2704.38
1964,2582.57,3075.80,2697.26,1751.50,1063.30,2111.96,1460.46,2632.69,2199.78,2819.03,2415.15,2632.69,1679.76,7366.64,2043.88,1617.16,3144.68,944.69,2726.25,1572.70,1432.57,2541.73,2633.07,1425.73,3325.93,1983.32,2979.00,1836.86,1891.54,1805.85,1687.08,2973.20,3397.23,2350.13
1965,2371.21,3125.41,2157.72,1504.59,736.74,1703.10,1314.45,2607.33,1989.04,2574.43,1989.95,2607.33,1503.91,6423.31,1410.29,1491.68,3096.79,895.71,2586.68,1536.58,1082.91,2147.09,2833.12,1495.46,2985.86,1860.48,2627.46,1462.16,1866.40,1215.66,1715.20,2772.50,3339.57,2175.78
1966,2542.98,2983.16,2668.93,1787.01,995.02,2198.26,1590.53,2694.53,2316.70,2749.78,2435.59,2694.53,1952.80,7040.30,1905.77,1769.90,2766.93,1266.90,2609.06,1659.97,1476.75,2596.63,2672.45,1792.96,3237.07,2048.55,2921.52,1909.24,2220.35,1640.99,1875.28,2984.31,2635.81,2426.05
1967,2512.16,2891.20,2587.01,1731.68,733.74,1827.42,1509.05,2613.18,2110.82,2819.74,2470.04,2613.18,1477.79,7350.67,1759.55,1637.96,2971.84,726.30,2705.44,1602.75,1044.07,2630.47,2514.98,1606.34,3159.35,1912.74,2935.07,1645.71,2029.10,1353.64,1708.54,2991.36,2935.10,2516.48
1968,2552.64,2781.26,2662.05,1845.28,911.11,2087.59,1708.24,2874.76,2328.05,2861.55,2670.88,2874.76,1721.28,7448.96,1866.46,1882.43,2677.21,865.28,2635.51,1760.11,1299.80,2804.53,2946.08,1690.73,3503.46,2060.83,2989.16,1883.31,2227.65,1621.91,1913.33,3129.76,2580.39,2273.64
1969,2532.18,2987.91,2493.92,1711.12,1092.53,2081.70,1537.91,2665.43,2176.27,2587.35,2431.83,2665.43,2002.44,6526.16,1867.88,1679.42,3052.80,1415.58,2620.70,1525.20,1634.84,2400.59,2903.17,1699.39,3141.92,1841.18,2693.88,2119.42,2154.41,1714.28,1717.44,2795.54,3094.13,2550.87
1970,2734.20,3083.43,3049.42,1817.49,1315.56,2425.80,1654.44,2877.71,2546.39,2820.21,2607.29,2877.71,2127.69,7411.70,2372.65,1806.79,3149.20,1302.63,2778.23,1674.02,1832.80,2621.98,2944.82,1757.04,3448.86,2043.83,3216.80,2160.40,2276.03,2106.02,1872.56,3083.26,3328.23,2463.78
1971,2871.51,3249.27,3072.19,1716.52,761.41,2068.36,1674.36,3696.46,2816.37,3070.70,2441.91,3696.46,1587.72,8775.98,1957.69,1977.65,3366.66,790.02,2838.06,2096.73,1136.42,2683.13,3573.79,1827.01,3988.39,2637.42,3726.61,1424.85,2402.91,1529.34,2312.11,3824.46,3871.13,2448.19
1972,2635.75,3116.61,2443.84,1658.30,635.78,1832.72,1625.41,2834.24,2229.89,2821.68,2479.76,2834.24,1544.83,6544.37,1628.74,1828.42,3344.99,805.97,2890.89,1675.53,1066.05,2708.23,3418.17,1762.87,3617.54,1928.84,2741.10,1682.60,2240.62,1327.35,1847.05,2846.80,3495.43,2621.67
1973,2813.83,3156.83,2958.01,1726.88,1166.44,2173.61,1691.48,3071.50,2493.81,3096.11,2639.10,3071.50,1974.28,8811.32,2064.95,1874.29,3195.81,1263.56,2913.14,1782.09,1639.74,2922.52,3070.80,1689.39,3925.77,2029.72,3326.30,1660.09,2259.64,1807.52,1832.46,3469.63,3344.30,2511.24
1974,2581.04,2909.74,3020.92,1492.63,854.63,1971.23,1450.75,3100.06,2696.12,2752.77,2103.64,3100.06,1712.52,8391.96,1899.20,1735.94,2963.32,1047.27,2545.29,1806.74,1279.76,2315.53,3042.10,1596.32,3483.68,2359.95,3678.26,1579.90,2114.35,1478.36,2054.59,3461.92,3191.41,2067.69
1975,2966.65,3442.35,3298.70,1699.85,872.52,2133.76,1784.51,3428.37,2908.05,3150.13,2562.92,3428.37,1768.18,9829.66,2047.61,2027.01,3296.97,1064.67,2942.99,2017.65,1282.27,2949.58,3610.74,1876.98,4217.33,2442.60,4085.55,1986.42,2455.09,1587.47,2111.92,3929.49,3662.78,2414.91
1976,2460.68,3389.00,2287.95,1741.30,592.37,1861.70,1507.91,2249.69,1977.37,2518.11,2422.81,2249.69,1435.46,5653.81,1497.99,1593.08,3259.15,551.40,2692.31,1364.44,899.07,2308.85,2490.81,1884.22,2793.00,1634.05,2435.30,1438.76,2300.59,1241.36,1577.80,2389.61,3611.33,2497.17
1977,2398.55,3164.07,2353.88,1591.99,737.82,1757.99,1447.87,2312.62,1968.42,2573.23,2345.76,2312.62,1369.48,6399.09,1573.20,1512.36,3047.96,692.01,2592.50,1335.26,1015.20,2311.65,2397.03,1352.47,2920.08,1606.18,2536.82,1874.49,1940.30,1375.47,1464.28,2594.07,3120.54,2503.89
1978,2526.84,3021.81,2574.22,1757.96,1071.72,2156.24,1565.21,2503.66,2082.79,2584.88,2493.81,2503.66,1831.77,6496.22,1982.87,1665.79,3055.70,1008.68,2649.23,1484.25,1503.15,2484.07,2496.72,1653.94,2994.84,1858.40,2712.05,2062.83,2204.58,1801.62,1694.13,2752.06,2977.44,2631.77
1979,2707.55,2753.79,2754.31,1970.29,1196.28,2435.03,1845.01,2715.11,2347.27,2923.69,2832.42,2715.11,2243.90,7350.45,2056.31,1952.37,3035.63,1482.42,2837.98,1684.65,1798.28,2973.99,2522.63,1976.57,3347.65,1974.90,2855.97,2139.92,2613.22,1922.07,1874.17,3028.20,3050.12,2664.25
1980,2330.37,2868.81,2388.73,1596.41,825.55,1808.09,1495.83,2276.98,2056.24,2458.36,2366.51,2276.98,1505.19,6037.16,1675.95,1597.52,2748.73,853.17,2526.49,1348.88,1136.97,2333.15,2348.90,1423.82,2734.34,1737.11,2647.28,2076.04,1962.16,1436.43,1576.76,2520.40,2661.32,2431.93
1981,2964.66,3271.96,3370.52,2154.30,1540.89,2930.64,1910.45,2957.55,2547.52,2914.75,2956.45,2957.55,2873.98,7938.89,2745.05,1966.32,3160.03,1935.44,2802.91,1788.01,2407.17,2891.89,3018.57,2264.99,3557.68,2179.59,3303.84,2531.19,2822.98,2467.53,1984.68,3297.75,3149.87,2782.14
1982,2629.75,3143.24,2497.59,1820.00,805.38,1944.04,1568.03,2862.86,2301.91,2734.01,2547.04,2862.86,1682.67,6744.29,1733.26,1730.06,3296.74,911.09,2707.48,1743.77,1241.19,2508.22,3061.72,1738.30,3340.96,2030.76,2906.61,2236.73,2210.72,1445.33,1950.57,2979.87,3411.00,2719.37
1983,2412.76,2855.66,2414.13,1704.98,682.62,1843.85,1483.66,2199.99,2063.63,2432.28,2415.55,2199.99,1538.01,5500.08,1658.69,1626.99,3158.77,736.19,2666.37,1336.96,1079.34,2362.01,2849.53,1507.10,2912.34,1698.62,2469.56,1527.63,1987.06,1367.32,1637.52,2375.70,3051.66,2732.14
1984,2816.96,2709.52,3130.79,1620.33,999.58,2187.01,1780.95,3374.85,2770.35,3163.26,2579.27,3374.85,1738.66,9039.40,2179.73,2119.02,3092.83,882.09,2969.54,2011.70,1381.36,3131.24,3233.18,1577.18,3883.62,2401.01,3537.34,2012.94,2287.60,1773.60,2225.02,3746.27,3200.08,2494.33
1985,2416.88,2331.14,2741.29,1838.60,1137.66,2467.42,1597.30,2385.06,2076.09,2541.19,2527.86,2385.06,2151.77,6595.29,2145.16,1624.38,2667.72,1251.93,2487.19,1390.15,1650.57,2403.16,2381.98,1954.98,2886.08,1692.15,2584.13,1624.22,2390.73,1946.38,1569.16,2673.43,2344.77,2543.14
1986,2601.41,2895.49,2794.37,1906.95,783.05,2181.91,1686.13,2494.10,2409.10,2597.71,2663.96,2494.10,1776.82,6779.29,1855.32,1834.44,3281.89,878.26,2713.26,1549.83,1240.71,2606.07,2457.58,1848.13,2800.41,1949.27,2939.59,1918.97,2405.97,1526.14,1855.62,2864.75,3327.50,2685.11
1987,2475.37,2727.80,2688.14,1732.88,1172.07,2329.23,1575.97,2351.59,2128.75,2549.22,2496.76,2351.59,2046.00,6606.82,2145.83,1664.15,2861.03,1269.08,2556.04,1408.77,1713.95,2454.75,2476.37,1703.06,2885.88,1784.63,2666.55,2064.66,2195.23,1942.92,1636.72,2699.10,2654.43,2562.84
1988,2785.01,2560.55,3221.23,2122.35,1330.23,2857.27,1897.92,3136.71,2686.56,2937.87,2919.87,3136.71,2299.34,8230.26,2381.56,2005.68,2838.79,1341.78,2710.28,1860.22,1844.26,2909.00,3099.72,2125.28,3796.82,2260.59,3367.22,2121.71,2755.74,2288.66,2068.50,3420.03,2731.82,2450.44
1989,2423.13,2759.55,2715.33,1531.56,1047.46,2112.42,1499.06,2424.84,2322.01,2617.07,2189.93,2424.84,1736.08,6697.24,2029.04,1697.97,2838.89,972.18,2552.31,1487.72,1383.05,2349.90,2480.80,1602.11,2983.93,1922.16,2908.34,1624.89,2145.97,1725.78,1750.77,2764.57,2839.81,2176.40
1990,2428.01,2687.85,2678.18,1637.29,915.03,2174.52,1525.62,2436.98,2314.38,2549.28,2224.39,2436.98,1882.81,6617.30,1821.14,1703.17,2868.25,1161.35,2505.49,1540.16,1405.12,2302.63,2497.60,1812.38,2864.01,1928.67,2878.03,1813.06,2310.58,1611.65,1817.65,2746.02,2709.43,2399.01
1991,2242.25,2599.92,2272.63,1394.34,483.58,1369.23,1405.87,2307.72,2127.53,2583.89,2160.81,2307.72,1072.47,6214.77,1370.41,1642.25,2624.00,649.12,2523.22,1463.18,749.37,2452.59,2426.34,1074.89,3003.43,1753.26,2641.58,1779.32,1802.70,1014.40,1641.00,2574.75,2350.34,2450.28
1992,2135.26,2531.32,2039.72,1530.54,929.85,1820.13,1181.20,2102.97,1655.23,2314.07,2056.72,2102.97,1533.66,5466.37,1673.29,1267.07,2616.92,912.32,2349.48,1204.95,1267.94,1941.72,2650.23,1287.27,2932.64,1418.05,2132.24,1492.95,1614.60,1536.77,1326.27,2204.72,2418.57,2360.08
1993,2357.30,2878.29,2374.31,1461.28,787.74,1763.37,1390.51,2524.47,2137.98,2568.86,2043.90,2524.47,1502.91,6265.26,1632.85,1617.07,2954.08,874.45,2522.80,1561.93,1147.18,2209.05,2551.68,1397.97,3063.90,1812.22,2631.57,1010.25,1955.55,1375.63,1781.29,2670.55,3090.83,2246.43
1994,2481.19,2830.58,2424.52,1721.61,760.38,1922.50,1540.66,2678.52,2183.22,2690.52,2453.04,2678.52,1595.50,6342.73,1626.44,1715.99,2958.22,914.55,2675.32,1659.54,1146.49,2524.99,2784.29,1586.72,3213.15,1923.36,2746.52,1716.88,2161.02,1443.35,1852.53,2776.25,2833.90,2606.11
1995,2619.61,2981.49,2811.01,1683.46,1407.87,2465.21,1673.92,2460.61,2358.76,2747.17,2536.64,2460.61,2068.29,6787.52,2264.10,1873.36,3027.33,1194.25,2752.67,1570.32,1818.10,2749.13,2532.30,1631.10,3190.85,1914.53,2878.81,1993.60,2251.68,2099.14,1796.78,2801.37,3066.63,2451.95
1996,2688.69,2875.09,2988.02,1823.45,1123.70,2370.90,1768.73,2706.78,2542.26,2747.59,2712.62,2706.78,1939.25,7346.73,2195.24,1971.47,3055.89,1098.72,2739.00,1724.18,1548.93,2818.22,2570.73,1701.70,3154.52,2092.28,3175.21,1999.21,2411.69,1911.59,1966.75,3053.72,2721.65,2856.08
1997,2247.43,2790.95,2126.13,1384.53,785.99,1546.05,1275.39,2286.01,1911.05,2488.14,2089.04,2286.01,1294.17,5689.93,1544.95,1482.55,2759.22,776.87,2512.37,1388.91,1064.93,2250.21,2695.53,1089.62,3042.50,1643.09,2458.00,1291.27,1632.74,1265.27,1536.39,2395.76,2608.28,2431.54
1998,2676.98,2633.49,2917.21,1851.35,1155.15,2287.36,1826.83,2747.34,2577.46,2739.27,2739.77,2747.34,1960.13,7413.35,2065.20,2044.55,2905.21,1146.61,2733.92,1762.87,1603.28,2929.23,3362.23,1746.58,3356.30,2141.73,3179.60,2004.58,2428.68,1874.98,2030.92,3096.35,2569.82,2804.20
1999,2908.01,3090.70,3280.33,1815.30,1490.04,2704.86,1856.45,3358.20,2867.98,2884.39,2664.17,3358.20,2422.62,8790.26,2411.98,2136.74,3148.92,1567.34,2828.19,2005.29,2031.31,2894.09,3125.89,2084.81,3445.81,2454.08,3676.43,2389.25,2677.38,2211.79,2293.84,3698.42,3265.94,2486.07
2000,2714.05,3027.71,3058.00,1692.50,807.08,2050.68,1684.11,2864.68,2652.53,2745.30,2536.74,2864.68,1617.04,8013.17,1967.82,1931.95,3347.34,879.20,2762.37,1728.69,1184.07,2640.89,2710.21,1651.89,3194.44,2203.75,3402.43,1654.49,2338.26,1566.64,1984.47,3286.76,3517.01,2641.58
2001,2400.93,3001.07,2472.49,1460.58,841.17,1706.20,1367.61,2416.73,2137.62,2521.85,2221.62,2416.73,1448.61,6576.48,1678.53,1580.62,2989.83,953.02,2643.87,1452.40,1151.18,2374.53,2479.43,1263.92,2940.44,1833.45,2768.62,1807.54,1783.30,1354.77,1679.64,2716.55,3030.77,2364.55
2002,2714.83,3315.02,2521.26,1759.03,835.40,1877.95,1680.47,2576.60,2218.55,2813.67,2725.91,2576.60,1568.39,6648.20,1756.59,1811.98,3634.14,866.66,3031.19,1585.51,1225.96,2876.41,2833.00,1473.62,3278.98,1895.58,2776.09,1659.78,2178.51,1512.13,1764.28,2791.75,3937.22,2790.42
2003,2648.95,3365.14,2689.61,1924.01,1106.00,2313.74,1671.44,2418.77,2174.57,2564.80,2639.63,2418.77,1901.08,6543.25,2080.93,1708.16,3274.20,1074.87,2699.08,1490.33,1495.30,2513.31,2910.36,1802.12,3126.50,1829.46,2709.87,1903.65,2336.36,1877.11,1698.19,2690.34,3363.09,2744.73
2004,2643.24,3278.01,2707.27,1940.22,1304.84,2572.55,1784.16,2402.24,2271.36,2580.03,2764.31,2402.24,2353.39,6278.40,2097.19,1819.90,2929.92,1518.94,2733.98,1545.50,1863.03,2682.70,2459.93,2150.65,2966.10,1895.75,2766.40,2630.02,2544.68,2057.14,1804.86,2681.11,2915.52,2630.50
2005,2696.11,3351.73,2810.62,1918.56,1166.76,2434.95,1839.45,2667.75,2432.10,2684.51,2726.81,2667.75,2236.01,6975.90,1963.41,1910.83,2987.41,1434.94,2763.89,1662.50,1723.09,2730.63,2451.85,2212.91,3024.26,2049.65,3007.57,2219.65,2656.59,1871.23,1918.78,2974.32,3179.52,2452.80
2006,2721.96,3285.03,2978.68,1706.30,926.96,1996.74,1774.03,3004.17,2756.82,2808.86,2564.92,3004.17,1795.25,7937.94,1904.66,2069.41,2901.75,1148.91,2728.32,1919.46,1384.86,2870.91,2790.03,1792.63,3256.50,2391.78,3507.24,1663.87,2434.76,1523.39,2223.65,3393.10,2969.73,2443.71
2007,2796.27,3413.34,3005.32,1595.56,1626.58,2643.98,1608.63,2841.76,2510.19,2753.50,2445.50,2841.76,2272.16,7883.35,2538.54,1881.19,3221.37,1385.17,2777.71,1721.59,2066.31,2748.85,2740.71,1717.57,3208.67,2147.87,3224.37,1730.48,2211.15,2370.87,1967.09,3228.85,3370.79,2642.46
2008,3005.91,3068.17,3273.44,1952.27,1124.45,2502.91,2027.83,3664.66,2968.94,3276.89,2944.78,3664.66,2125.38,9387.99,2132.64,2321.83,3098.97,1322.22,2882.72,2216.98,1664.38,3337.90,3348.12,1963.51,3958.85,2604.15,3850.10,2407.74,2697.70,1934.30,2389.83,3959.04,3054.53,2673.58
2009,2422.35,2993.63,2580.42,1522.56,705.15,1772.22,1545.19,2454.47,2252.50,2619.38,2358.60,2454.47,1508.81,6596.75,1654.68,1711.30,2813.29,830.94,2631.05,1519.24,1126.86,2491.39,2366.83,1511.79,3029.95,1910.51,2851.71,1565.90,2162.52,1333.71,1765.61,2780.41,2890.23,2200.03
2010,2922.61,2605.85,3289.44,2236.94,1600.85,3126.47,2095.18,3062.91,2836.64,2996.23,3083.17,3062.91,2735.73,8130.13,2537.09,2245.64,2844.04,1615.48,2857.19,1971.95,2209.39,3269.42,3142.50,2477.07,3606.01,2404.00,3528.36,2404.76,2908.58,2516.31,2240.71,3453.50,2715.98,2781.95
2011,3072.91,2685.60,3681.71,2095.70,1800.67,3190.27,2281.30,3446.53,3157.87,3075.74,3192.81,3446.53,2806.55,8851.69,2821.35,2479.42,2941.47,1735.81,2902.08,2224.54,2370.77,3485.30,2975.27,2565.35,3593.80,2736.60,3954.75,1956.45,3201.53,2627.48,2541.45,3827.83,2899.87,2677.15
2012,2401.63,2802.97,2561.86,1654.90,949.07,2129.09,1475.60,2368.47,2112.99,2403.18,2244.90,2368.47,1860.44,6250.30,1837.87,1518.96,2961.67,1026.80,2459.72,1433.92,1437.89,2117.63,2619.68,1748.44,2903.37,1864.22,2757.87,1939.76,2188.29,1649.88,1671.54,2634.24,3306.19,2252.53
2013,2434.24,2935.93,2578.05,1509.39,885.51,1875.15,1428.46,2482.80,2250.10,2483.13,2184.65,2482.80,1518.69,6631.72,1743.97,1609.39,3197.40,871.60,2482.81,1463.79,1194.92,2215.47,2501.45,1407.07,2907.61,1956.64,2906.50,1525.61,2036.00,1500.89,1724.38,2796.86,3375.21,2369.41
2014,2366.72,3003.95,2370.40,1305.77,676.39,1551.94,1278.30,2564.85,2176.14,2507.52,2016.45,2564.85,1266.72,6544.30,1511.95,1534.74,3075.84,803.72,2501.12,1519.87,966.80,2174.30,2732.02,1143.36,3047.54,1899.78,2817.96,1815.51,1776.55,1188.97,1742.03,2785.25,3193.82,2406.31
2015,2085.79,2791.83,1954.83,1372.59,464.36,1316.79,1175.14,1679.64,1697.82,2145.01,2002.07,1679.64,1066.38,4705.57,1290.94,1264.85,2870.59,692.11,2341.11,1058.96,751.29,1873.87,2705.95,1028.14,2736.02,1409.00,2120.97,1062.19,1601.21,985.78,1288.17,1929.16,2773.43,2470.68
2016,2397.66,2746.23,2391.80,1398.58,1013.03,1877.61,1400.69,2439.07,2109.36,2537.01,2201.57,2439.07,1622.95,6334.60,1745.41,1608.10,3013.26,1122.30,2632.95,1478.83,1358.34,2398.72,2583.53,1349.77,2967.93,1815.41,2667.84,1382.05,1874.33,1539.83,1674.86,2650.31,2980.72,2484.21
2017,2641.82,2856.40,2937.16,1583.00,1139.96,2194.38,1585.86,3136.73,2569.83,2919.54,2354.56,3136.73,1898.89,7938.33,2110.37,1885.68,2816.34,1126.79,2629.42,1852.64,1584.20,2628.84,3149.09,1643.34,3578.90,2278.02,3347.23,2059.69,2172.46,1837.26,2068.00,3382.89,2811.97,2315.26
2018,2501.95,2899.59,2749.11,1617.68,890.15,2015.31,1592.11,2423.29,2347.57,2530.83,2470.57,2423.29,1688.10,6892.64,1932.77,1765.67,2914.64,1057.81,2576.29,1467.74,1329.18,2532.11,2506.64,1481.57,2934.56,1943.56,2962.05,1580.61,2165.36,1603.59,1738.31,2821.71,2797.24,2618.15
2019,2410.84,2937.39,2557.64,1581.89,675.76,1684.31,1554.18,2393.80,2316.38,2506.64,2415.94,2393.80,1308.50,6444.60,1600.11,1757.90,2760.67,755.58,2532.06,1490.87,973.52,2522.46,2776.65,1258.36,3001.48,1963.48,2881.93,1223.09,2088.17,1263.33,1799.01,2748.88,2603.60,2560.75
2020,2507.69,3028.07,2633.42,1393.03,743.22,1723.82,1508.38,2520.45,2260.98,2759.62,2363.05,2520.45,1280.97,7127.16,1708.71,1750.50,2997.39,807.88,2754.23,1521.77,1002.01,2692.26,2692.29,1107.29,3286.08,1867.95,2899.42,2204.74,1940.91,1337.46,1681.79,2854.41,3093.83,2447.27
2021,2679.07,2970.58,2846.52,987.55,595.89,1424.17,1522.79,3315.21,2716.86,3169.14,2249.74,3315.21,895.57,8516.32,1757.18,2067.97,3127.68,609.59,2903.78,1991.74,782.93,3089.83,3131.95,611.66,3803.71,2366.05,3512.75,1348.46,1792.63,1166.53,2152.87,3584.33,3155.26,2618.34
